energy_function,model_name,energy,time,lr,clamp_grads,patience,min_delta,x0_std,num_nodes
Energy_Bond_LJ,Bond_LJ_n400_d3,-0.02311326190829277,13.826038837432861,0.03,1.0,20,1e-06,1.8379993438720703,400.0
Energy_LJ_2scale,LJ_loop_n400_d3,-0.08029112964868546,15.058823823928833,0.01,1.0,20,1e-06,1.8017444610595703,
Energy_LJ_2scale,LJ_loop_n400_d3,2.010716676712036,4.274965524673462,0.01,1.0,20,1e-06,0.4616127014160156,
Energy_LJ_2scale,LJ_loop_n400_d3,0.4423897862434387,4.12200403213501,0.01,1.0,20,1e-06,0.920920193195343,
Energy_LJ_2scale,LJ_loop_n400_d3,0.13536791503429413,4.092231273651123,0.01,1.0,20,1e-06,0.9298989772796631,
Energy_LJ_2scale,LJ_loop_n400_d3,0.13548968732357025,4.093817234039307,0.01,1.0,20,1e-06,0.9298989772796631,
