energy_function,model_name,energy,time,lr,clamp_grads,patience,min_delta,x0_std
Energy_Bond_LJ,bond_LJ_n400_d3,-0.02327481471002102,38.84064555168152,0.001,0.01,20,1e-06,1.2302675247192383
Energy_Bond_LJ,CG_Bond_LJ2_n400_d3,-0.023298857733607292,36.40798759460449,0.02,0.01,20,1e-08,0.9273326992988586
Energy_Bond_LJ,GNN_Bond_LJ2-0.33_n400_d3,0.6838811039924622,26.872082948684692,0.02,0.01,20,1e-07,0.9407470226287842
Energy_Bond_LJ,GNN_Bond_LJ2-0.33_n400_d3,1.1338798999786377,29.389891147613525,0.02,0.01,20,1e-07,0.9166007041931152
Energy_Bond_LJ,GNN_Bond_LJ2-0.25_n400_d3,0.7267335057258606,28.31277084350586,0.02,0.01,20,1e-06,0.9257686734199524
